<?xml version="1.0" encoding="utf-8"?>

<resources>
    <!-- MTK WFD sink surface actvity style -->
    <style name="dialog_fullscreen">
        <item name="android:windowBackground">@android:drawable/screen_background_dark_transparent</item>
        <item name="android:windowNoTitle">true</item>
        <item name="android:windowFullscreen">true</item>
        <item name="android:windowIsTranslucent">true</item>
        <item name="android:windowAnimationStyle">@+android:style/Animation.Translucent</item>
    </style>
</resources>
