<?xml version="1.0" encoding="utf-8"?>

<resources xmlns:xliff="urn:oasis:names:tc:xliff:document:1.2">
    <!-- MTK Wi-Fi settings start -->
    <string name="wifi_security_wapi_certificate">WAPI Certificate</string>
    <string name="wapi_user_certificate">User certificate</string>
    <string name="wapi_as_certificate">ASE certificate</string>
    <string name="wifi_hex_password">Hexadecimal password.</string>
    <string name="wifi_no_cert_for_wapi">Could not find certification for current connecting AP</string>
    <string name="sim_slot">SIM Slot</string>
    <string name="wifi_advanced_ipv4_address_title">IPv4 address</string>
    <string name="wifi_advanced_ipv6_address_title">IPv6 address</string>
    <!-- MTK Wi-Fi settings end -->

    <!-- MTK WFD start -->
    <string name="wfd_change_resolution_menu_title">Change resolution</string>
    <string name="wfd_sink_summary">Discoverable by others</string>
    <string name="wfd_device_category">DEVICES LIST</string>
    <string name="wfd_sink_toast_enjoy">Enjoy the screen casting from the other device</string>
    <string name="wfd_sink_toast_disconnect">Cast screen disconnected</string>
    <string name="wfd_sink_disconnecting">Disconnecting...</string>
    <string name="wfd_sink_guide_btn">Get it</string>
    <string name="wfd_sink_guide_title">How to quit?</string>
    <string name="wfd_sink_guide_content">Long press for <xliff:g id="seconds">%s</xliff:g> seconds on the screen to quit display of another device.</string>
    <!-- MTK WFD end -->

    <!-- MTK Wireless settings start -->
    <string name="tethered_ipv6_title">Hotspot &amp; tethering settings</string>
    <string name="tethered_ipv4v6">(IPv6 available)</string>
    <string name="tethered_ipv6">(Only IPv6 available)</string>
    <string name="tethered_ipv4">(IPv6 unavailable)</string>
    <string name="tethering_apn_settings_title">APN settings</string>
    <string name="tethering_apn_settings_summary">Configure APN for tethering</string>
    <string name="usb_tether_type_title">USB tethering type</string>
    <string name="usb_tethering_select_version">Select PC system version</string>
    <string name="lockdown_vpn_already_connected">Always on VPN has already been enabled for connection.</string>
    <!-- MTK Wireless settings end -->

    <!-- Sound Enhancement Settings start -->
    <string name="sound_enhancement_title">Sound enhancement</string>
    <string name="music_plus_title" translatable="false">BesAudEnh</string>
    <string name="music_plus_summary">Audio enhancer for earphone</string>
    <string name="audio_profile_bes_surround_title">BesSurround</string>
    <string name="audio_profile_bes_surround_summary">Audio Surrounding</string>
    <string name="audio_profile_bes_surround_mode_movie">Movie mode</string>
    <string name="audio_profile_bes_surround_mode_music">Music mode</string>
    <string name="anc_switch_title">Active noise control</string>
    <string name="audio_profile_bes_loudness_title" translatable="false">BesLoudness</string>
    <string name="audio_profile_bes_loudness_summary">Volume booster for speaker</string>
    <!-- Sound Enhancement Settings end -->

    <!-- MTK NFC settings start -->
    <string name="nfc_p2p_mode">P2P mode</string>
    <string name="nfc_p2p_mode_summary">Send or receive App content</string>
    <string name="nfc_tag_mode_category">Tag mode</string>
    <string name="nfc_rw_tag_title">Tag reading  &amp; writing</string>
    <string name="nfc_rw_tag_summary">Read from or write to a tag</string>
    <string name="nfc_card_emulation_category_title">Card emulation mode</string>
    <string name="nfc_card_emulation">Card emulation</string>
    <string name="card_emulation_settings_category_title">available security element</string>
    <string name="card_emulation_settings_no_element_found">No available security element.</string>
    <string name="card_emulation_settings_off_text">To see available security elements, turn Card emulation on.</string>
    <string name="card_emulation_turning_off_text">Turning Card emulation off...</string>
    <string name="card_emulation_turning_on_text">Turning Card emulation on...</string>
    <string name="card_emulation_switch_error_title">Error</string>
    <string name="card_emulation_switch_error_message">Failed to switch to <xliff:g id="card_mode">%1$s</xliff:g>.</string>
    <string name="card_emulation_sim_not_supported_message"><xliff:g id="sim_description">%1$s</xliff:g> does not support NFC Card emulation function.</string>
    <string name="card_emulation_two_sim_not_supported_message">SIM1,SIM2 do not support NFC Card emulation function.</string>
    <string name="nfc_hce_pay_summary">Using device to TAP &amp; PAY as Google wallet, credit card, etc.</string>
    <!-- MTK NFC settings end -->

    <!-- MTK HDMI start -->
    <string name="hdmi_toggler" translatable="false">HDMI</string>
    <string name="hdmi_settings">HDMI settings</string>
    <string name="hdmi_settings_summary">Click to configure HDMI</string>
    <string name="hdmi_video_resolution">Video resolution</string>
    <string name="hdmi_auto">AUTO</string>
    <string name="hdmi_replace_hdmi" translatable="false">HDMI</string>
    <string name="hdmi_replace_mhl" translatable="false">MHL</string>
    <string name="slimport_replace_hdmi" translatable="false">SlimPort</string>
    <string name="hdmi_scale_control">Video scale settings</string>
    <string name="hdmi_scale_no_scale">No scaling</string>
    <string name="hdmi_scale_scale_down">Scale down <xliff:g id="scale_percent">%s</xliff:g>%%</string>
    <string name="hdmi_audio_output">Audio output</string>
    <string name="hdmi_audio_output_stereo">Stereo</string>
    <string name="hdmi_audio_output_multi_channel">Multi Channel</string>
    <!-- MTK HDMI end -->

    <!-- MTK Data usage  start -->
    <string name="datausage_overview_tab">Overview</string>
    <string name="datausage_overview_wifi_today">Today</string>
    <string name="datausage_overview_wifi_total">Total</string>
    <string name="datausage_overview_mobile_title">MOBILE</string>
    <string name="datausage_overview_mobile_usage"><xliff:g id="actual">%s</xliff:g> out of <xliff:g id="limit">%s</xliff:g></string>
    <string name="datausage_overview_mobile_usage_warning">Out of limit <xliff:g>%s</xliff:g></string>
    <string name="data_saving_title">Data saving</string>
    <string name="default_data_switch_err_msg1">Can not switch preferred SIM for cellular data during the call.</string>
    <!-- MTK Dta usage  end -->

    <!-- MTK About phone start -->
    <string name="status_imei_slot1">IMEI(Slot1)</string>
    <string name="status_imei_slot2">IMEI(Slot2)</string>
    <string name="custom_build_version">Custom build version</string>
    <string name="mota_system_update_summary">"Check system update on server"</string>
    <string name="software_updates_more_title">Software updates</string>
    <string name="software_updates_more_summary">Check for new version software</string>
    <!-- MTK About phone end -->

    <!-- C2K OM start -->
    <string name="current_operators_mccmnc" translatable="false">MCC、MNC</string>
    <string name="status_current_sidnid" translatable="false">SID、NID</string>
    <string name="status_current_cellid" translatable="false">CELL ID</string>
    <string name="status_cdma_signal_strength" translatable="false">CDMA <xliff:g id="csignal">%s \nLTE <xliff:g id = "ltesignal">%s</xliff:g></xliff:g></string>
    <!-- C2K OM end -->

    <!-- APN Settings start  -->
    <string name ="mvno_type_none">None</string>
    <string name="apn_predefine_change_dialog_notice">Are you sure to save? Modifications to default APNs may cause connection problems!"</string>
    <string name="apn_port_warning">The port value must be 1-65535!</string>
    <!-- APN Settings end -->

    <!--MTK DRM settings start -->
    <string name="drm_settings_title">DRM reset</string>
    <string name="drm_settings_summary">Deletes all DRM licenses</string>
    <string name="drm_reset_dialog_msg">This operation will delete all the licenses on this device. Continue?</string>
    <string name="drm_reset_toast_msg">Licenses have been deleted successfully.</string>
    <!--MTK DRM settings end -->

    <!--MTK HotKnot start -->
    <string name="hotknot_settings_title" translatable="false">HotKnot</string>
    <string name="hotknot_explained_description">Allow data exchange when the screen touches another device</string>
    <string name="hotknot_charging_warning"><xliff:g id="title">%s</xliff:g> function may be affected during USB charging</string>
   <!--MTK HotKnot end -->

    <!-- ClearMotion start -->
    <string name="clear_motion_summary">Video fluency enhancer</string>
    <string name="clear_motion_title" translatable="false">ClearMotion™</string>
    <string name="on_text">On</string>
    <string name="off_text">Off</string>
    <!-- ClearMotion end -->

    <!-- MiraVision start -->
    <string name="mira_vision_title" translatable="false">MiraVision™</string>
    <string name="mira_vision_summary">Display picture quality optimization</string>
    <!-- MiraVision end -->

    <!--MTK DateTime start-->
    <string name="gps_time_sync_attention_gps_on">It will take at most 1 minute to obtain GPS fix. Besides, GPS may fail to provide time due to weak environmental signal.\n\nAre you sure to use GPS provided time?</string>
    <string name="gps_time_sync_attention_gps_off">To use GPS provided time, you must enable GPS first. It then take at most 1 minute to obtain GPS fix. Besides, GPS may fail to provide time due to weak environmental signal. \n\nAre you sure to enable GPS now and wait for GPS provided time?</string>
    <!--MTK DateTime end-->

    <!-- MTK IPO settings start -->
    <string name="ipo_title">Quick boot</string>
    <string name="ipo_summary_off">Enable quick boot</string>
    <!-- MTK IPO settings end -->

    <!-- Storage & USB settings start -->
    <string name="select_memory">Default write disk</string>
    <string name="usb_use_built_in_cd_rom">Built-in CD-ROM</string>
    <string name="usb_bicr_summary">Show a virtual CD-ROM containing some useful software.</string>
    <string name="usb_use_mass_storage">USB storage</string>
    <string name="usb_ums_summary">"XP recommended. Lets you transfer files between your computer and your Android device."</string>
    <!-- Storage & USB settings end -->

    <!-- MTK Storage Settings start -->
    <string name="launch_error">"Couldn't launch the application!"</string>
    <!-- MTK Storage Settings end -->

    <!--MTK Security Settings start -->
    <string name="security_not_set">Security is not set</string>
    <!--MTK Security Settings end -->

    <!-- Voice UI start -->
    <string name="voice_ui_title">"Voice Control"</string>
    <!-- Voice UI end -->

    <!-- MTK schedule power start -->
    <string name="schedule_power_on_off_settings_title">Scheduled power on &amp; off</string>
    <!-- MTK schedule power end -->

    <!-- Background power saving start -->
    <string name="bg_power_saving_title">Standby intelligent power saving</string>
    <!-- Background power saving end -->

    <string name="battery_level_enable_title">Diasplay battery level</string>

    <!-- RCSE Settings start[SKIP COMMENT] -->
    <string name="rcse_settings_title" translatable="false">Joyn settings</string>
    <!-- RCSE Settings end[SKIP COMMENT] -->

    <!-- User setting start -->
    <string name="data_enabler_waiting_message" translatable="false">"Please wait\u2026"</string>
    <!-- User setting end -->

    <!-- wifiGprsSelector setting start -->
    <string name="apn_list_category_title" translatable="false">Access point list</string>
    <string name="data_conn_category_title" translatable="false">Data connection</string>
    <string name="wifi_gprs_selector_title" translatable="false">Network selector</string>
    <string name="data_enabler_title" translatable="false">Data enabled</string>
    <string name="data_enabler_summary" translatable="false">Enable data access over Mobile network</string>
    <!-- wifiGprsSelector setting end -->

    <!-- [C2K solution 2 enhancement start] -->
    <string name="two_cdma_dialog_msg">Slot 1 and slot 2 cannot support CDMA simultaneously.</string>
    <string name="default_data_switch_msg"> <xliff:g id="current_sim">%1$s</xliff:g> may not work temporarily. </string>
    <!-- [C2K solution 2 enhancement end] -->

    <!-- [C2K OMH Warning start] -->
    <string name="omh_warning_dialog_msg">Your R-UIM may not be able to access the data service. Please upgrade your R-UIM to an OMH R-UIM.</string>
    <string name="omh_data_pick_dialog_msg">Your R-UIM may not be able to access the data service. Please upgrade your R-UIM to an OMH R-UIM. Still set this R-UIM as the default data card?</string>
    <!-- [C2K OMH Warning end] -->

    <!-- WifiCalling setting start -->
    <string name="Switch_not_in_use_string">The switch is temporarily unavailable. Please try again later.</string>
    <!-- WifiCalling setting end -->

    <!-- MTK vow service start -->
    <string name="wakeup_interaction">Wake up interaction</string>
    <string name="voice_wakeup">Voice Wake up</string>
    <string name="voice_wakeup_confirm">Please set the command before you use.</string>
    <!-- MTK vow service end -->

    <!-- M: for [CTA2016 requirement] -->
    <string name="data_usage_menu_cellular_data_control">Cellular data control</string>

    <!-- Carrier Express Pack -->
    <string name="preferred_phone_configuration_title">Phone configuration</string>
    <string name="preferred_phone_configuration_dialogtitle">Phone configuration</string>
    <string name="preferred_phone_configuration_dialog_message">Switch your phone into %1$s?</string>
    <string name="recommended">(recommended)</string>
    <string name="om_package_name">OM</string>
    <!-- Carrier Express Pack -->
        <!-- Font Size-->
    <string name="summary_font_size" translatable="false">%1$s</string>
    <string name="dialog_title_font_size">Font size</string>
    <string name="do_not_show">Do not show again</string>
    <string name="warning_dialog_title">Information</string>
    <string name="large_font_warning">Very large font size will only applied in specific applications. Large font size will be applied in all other applications.</string>
    <string name="small_font_warning">Minimum font size will only applied in specific applications. Small font size will be applied in all other applications.</string>	
    <string name="positive_button_title">OK</string>
    <string name="negative_button_title">CANCEL</string>

    <!-- MTK AOD settings start -->
    <string name="aod_title">Always on Display</string>
    <string name="aod_summary">Some system information will always be shown in suspend mode</string>
    <!-- MTK AOD settings end -->
    <string name="hdmi_wfd_off_hdmi_on">Wireless display will be turned off when you turn on HDMI. Do you want to continue?</string>
</resources>
