<?xml version="1.0" encoding="utf-8"?>

<resources xmlns:xliff="urn:oasis:names:tc:xliff:document:1.2">
    <!-- MTK Feature auto time list start -->
    <string-array name="auto_time_entries">
        <item>Use network-provided time</item>
        <item>Use GPS-provided time</item>
        <item>Off</item>
    </string-array>

    <string-array name="auto_time_entries_value" translatable="false">
        <item>0</item>
        <item>1</item>
        <item>2</item>
    </string-array>
    <!-- MTK Feature auto time list end -->

    <!-- MTK WIFI Settings start -->
    <string-array name="wpa_security" translatable="false">
        <item>@string/wifi_security_none</item>
        <item>WEP</item>
        <item>WPA/WPA2 PSK</item>
        <item>802.1x EAP</item>
    </string-array>

    <string-array name="wapi_security" translatable="false">
        <item>@string/wifi_security_none</item>
        <item>WAPI PSK</item>
        <item>@string/wifi_security_wapi_certificate</item>
    </string-array>

    <string-array name="sim_slot">
        <item>(unspecified)</item>
        <item>Sim Slot 1</item>
        <item>Sim Slot 2</item>
    </string-array>
    <!-- MTK WIFI Settings end -->

    <!-- MTK WFD Settings start -->
    <string-array name="wfd_resolution_entry">
        <item>﻿1080p FHD (For videos)</item>
        <item>720p HD (For games)</item>
    </string-array>
    <!-- MTK WFD Settings end -->

    <!-- MTK HDMI Settings start[SKIP COMMENT] -->
    <string-array name="hdmi_video_resolution_entries" translatable="false">
        <item>480p</item>
        <item>576p</item>
        <item>720p_60Hz</item>
        <item>720p_50Hz</item>
        <item>1080i_60Hz</item>
        <item>1080i_50Hz</item>
        <item>1080p_30Hz</item>
        <item>1080p_25Hz</item>
        <item>1080p_24Hz</item>
        <item>1080p_23Hz</item>
        <item>1080p_29Hz</item>
        <item>1080p_60Hz</item>
        <item>1080p_50Hz</item>
        <item>720p3d_60Hz</item>
        <item>720p3d_50Hz</item>
        <item>1080i3d_60Hz</item>
        <item>1080i3d_50Hz</item>
        <item>1080p3d_24Hz</item>
        <item>1080p3d_23Hz</item>
        <item>2160p_30Hz</item>
        <item>2160p_24Hz</item>
    </string-array>

    <string-array name="hdmi_video_resolution_entry_values" translatable="false">
        <item>0</item>
        <item>1</item>
        <item>2</item>
        <item>3</item>
        <item>4</item>
        <item>5</item>
        <item>6</item>
        <item>7</item>
        <item>8</item>
        <item>9</item>
        <item>10</item>
        <item>11</item>
        <item>12</item>
        <item>13</item>
        <item>14</item>
        <item>15</item>
        <item>16</item>
        <item>17</item>
        <item>18</item>
        <item>19</item>
        <item>20</item>
    </string-array>

    <string-array name="hdmi_video_scale_entries" translatable="false">
        <item>@string/hdmi_scale_no_scale</item>
        <item>@string/hdmi_scale_scale_down</item>
        <item>@string/hdmi_scale_scale_down</item>
    </string-array>

    <string-array name="hdmi_video_scale_entry_values" translatable="false">
        <item>0</item>
        <item>2</item>
        <item>4</item>
    </string-array>

    <string-array name="hdmi_audio_output_entries" translatable="false">
        <item>@string/hdmi_audio_output_stereo</item>
        <item>@string/hdmi_audio_output_multi_channel</item>
    </string-array>

    <string-array name="hdmi_audio_output_entry_values" translatable="false">
        <item>0</item>
        <item>1</item>
    </string-array>
    <!-- MTK HDMI Settings end[SKIP COMMENT] -->

    <!-- MTK Tethering Settings start[SKIP COMMENT] -->
    <string-array name="tethered_ipv6_entries" translatable="false">
        <item>IPv4</item>
        <item>IPv4 &amp; IPv6</item>
    </string-array>

    <string-array name="tethered_ipv6_values" translatable="false">
        <item>0</item>
        <item>1</item>
    </string-array>

    <string-array name="usb_tether_type_entries" translatable="false">
        <item>Windows(RNDIS)</item>
        <item>Linux(EEM)</item>
    </string-array>

    <string-array name="usb_tether_type_values" translatable="false">
        <item>0</item>
        <item>1</item>
    </string-array>
    <!-- MTK Tethering Settings end[SKIP COMMENT] -->

    <!-- MTK APN Settings start[SKIP COMMENT] -->
    <string-array name="apn_type_generic" translatable="false">
        <item>default</item>
        <item>mms</item>
        <item>supl</item>
        <item>wap</item>
        <item>net</item>
        <item>dun</item>
        <item>ia</item>
        <item>rcs</item>
        <item>xcap</item>
    </string-array>

    <string-array name="ext_mvno_type_entries" translatable="false">
        <item>@string/mvno_type_none</item>
        <item>SPN</item>
        <item>IMSI</item>
        <item>GID</item>
        <item>PNN</item>
    </string-array>

    <string-array name="ext_mvno_type_values" translatable="false">
        <item>""</item>
        <item>spn</item>
        <item>imsi</item>
        <item>gid</item>
        <item>pnn</item>
    </string-array>
    <!-- MTK APN Settings end[SKIP COMMENT] -->
</resources>
